id,section,name,position,email,image_path,image_source_url,note
1,บุคลากรกองบริการหอพักนักศึกษา,เพ็ญนภา ชนะทัพ,รักษาการแทนผู้อำนวยการกองบริการหอพักนักศึกษา,cpenna@kku.ac.th,images/personnel/01-pen-napha-chana-thap.jpg,https://dorm.kku.ac.th/wp-content/uploads/2024/09/DSC_5215-2-scaled.jpg,
2,บุคลากรกองบริการหอพักนักศึกษา,ก้องฟ้า ขันธ์ชารี,หัวหน้างานพัฒนาและบำรุงรักษาหอพัก,kongkh@kku.ac.th,images/personnel/02-kongfa-khancharee.jpg,https://dorm.kku.ac.th/wp-content/uploads/2024/09/%E0%B8%81%E0%B9%89%E0%B8%AD%E0%B8%87%E0%B8%9F%E0%B9%89%E0%B8%B2.jpg,
3,บุคลากรกองบริการหอพักนักศึกษา,พัชราภรณ์ ภัทรารักษ์,หัวหน้างานบริหารหอพัก,patcharpronph@kku.ac.th,images/personnel/03-patcharaporn-phatrarak.jpg,https://dorm.kku.ac.th/wp-content/uploads/2024/09/41004.jpg,
4,หัวหน้าหน่วยบริการหอพัก,วลีรัตน์ คำสีทา,หัวหน้าหน่วยบริการหอพักที่ 1,kitaratka@kku.ac.th,images/personnel/07-waleerat-kamsitha.jpg,https://dorm.kku.ac.th/wp-content/uploads/2024/09/%E0%B8%A7%E0%B8%A5%E0%B8%B5%E0%B8%A3%E0%B8%B1%E0%B8%95%E0%B8%99%E0%B9%8C.jpg,
5,หัวหน้าหน่วยบริการหอพัก,นภัสนันท์ สุดใด,หัวหน้าหน่วยบริการหอพักที่ 2,napapi@kku.ac.th,images/personnel/08-napassanun-sudai.jpg,https://dorm.kku.ac.th/wp-content/uploads/2024/09/DSC_5048-1.jpg,
6,หัวหน้าหน่วยบริการหอพัก,กรรณฏา ยศสุ,หัวหน้าหน่วยบริการหอพักที่ 3,swarar@kku.ac.th,images/personnel/09-kannata-yotsu.jpg,https://dorm.kku.ac.th/wp-content/uploads/2024/09/%E0%B8%81%E0%B8%A3%E0%B8%A3%E0%B8%93%E0%B8%8E%E0%B8%B2-1.jpg,
7,หัวหน้าหน่วยบริการหอพัก,พัชราภรณ์ ภัทรารักษ์,หัวหน้าหน่วยบริการหอพักที่ 4,patcharpronph@kku.ac.th,images/personnel/03-patcharaporn-phatrarak.jpg,https://dorm.kku.ac.th/wp-content/uploads/2024/09/41004.jpg,
8,หัวหน้าหน่วยบริการหอพัก,ก้องฟ้า ขันธ์ชารี,หัวหน้าหน่วยบริการหอพักที่ 5,kongkh@kku.ac.th,images/personnel/02-kongfa-khancharee.jpg,https://dorm.kku.ac.th/wp-content/uploads/2024/09/%E0%B8%81%E0%B9%89%E0%B8%AD%E0%B8%87%E0%B8%9F%E0%B9%89%E0%B8%B2.jpg,
9,หัวหน้าหน่วยบริการหอพัก,นฤมล โฮมป่า,หัวหน้าหน่วยบริการหอพักที่ 6,naruho@kku.ac.th,images/personnel/10-narumon-hompa.jpg,https://dorm.kku.ac.th/wp-content/uploads/2024/09/66131.jpg,
10,หัวหน้าหน่วยบริการหอพัก,เจษฎาภรณ์ สมประสงค์,หัวหน้าหน่วยอำนวยการ,jedsaso@kku.ac.th,images/personnel/11-jetsadaporn-somprasong.jpg,https://dorm.kku.ac.th/wp-content/uploads/2024/09/DSC_5092-scaled.jpg,
11,หัวหน้าหน่วยบริการหอพัก,ทรงวุฒิ อดทน,หัวหน้าหน่วยซ่อมบำรุง,songod@kku.ac.th,images/personnel/12-songwut-odthon.jpg,https://dorm.kku.ac.th/wp-content/uploads/2024/09/DSC_4978-1.jpg,
12,ธุรการหน่วยหอพักและเจ้าหน้าที่หอพัก,กัญญาณัฏฐ์ ประดับคำ,ธุรการประจำหน่วยอำนวยการ,kanypad@kku.ac.th,images/personnel/13-kanyanat-pradubkham.jpg,https://dorm.kku.ac.th/wp-content/uploads/2024/09/420104.jpg,
13,ธุรการหน่วยหอพักและเจ้าหน้าที่หอพัก,อรุณี ศรีจำนงค์,ธุรการหน่วยบริการหอพักที่ 2,aruneesr@kku.ac.th,images/personnel/14-arunee-srichamnong.jpg,https://dorm.kku.ac.th/wp-content/uploads/2024/09/153000.jpg,
14,ธุรการหน่วยหอพักและเจ้าหน้าที่หอพัก,กนกศรี สุขวิเศษ,ธุรการหน่วยบริการหอพักที่ 3,kanoksuk@kku.ac.th,images/personnel/15-kanoksri-sukwiset.jpg,https://dorm.kku.ac.th/wp-content/uploads/2024/09/%E0%B9%80%E0%B8%9A%E0%B9%87%E0%B8%99.jpg,
15,ธุรการหน่วยหอพักและเจ้าหน้าที่หอพัก,ญาณิฐา ลำเพ็ง,ธุรการหน่วยบริการหอพักที่ 4,chamermtla@kku.ac.th,images/personnel/16-yanitha-lampheng.jpg,https://dorm.kku.ac.th/wp-content/uploads/2024/09/DSC_5230-scaled.jpg,
16,ธุรการหน่วยหอพักและเจ้าหน้าที่หอพัก,ธนิดา พลศักดิ์,ธุรการหน่วยบริการหอพักที่ 6,tanidapo@kku.ac.th,images/personnel/17-thanida-phonsak.jpg,https://dorm.kku.ac.th/wp-content/uploads/2024/09/41436.jpg,
17,ธุรการหน่วยหอพักและเจ้าหน้าที่หอพัก,จันทิรา ไชยสิน,เจ้าหน้าที่ประจำหน่วยหอพักที่ 1,jantch@kku.ac.th,images/personnel/18-chantira-chaiyasin.jpg,https://dorm.kku.ac.th/wp-content/uploads/2024/09/DSC_4994-scaled.jpg,
18,ธุรการหน่วยหอพักและเจ้าหน้าที่หอพัก,ชาลี แก้วประดิษฐ์,เจ้าหน้าที่ประจำหน่วยหอพักที่ 5,chakae@kku.ac.th,images/personnel/19-chalee-kaewpradit.jpg,https://dorm.kku.ac.th/wp-content/uploads/2024/09/DSC_4983-scaled.jpg,
19,ธุรการหน่วยหอพักและเจ้าหน้าที่หอพัก,บัว โนนศรี,เจ้าหน้าที่ประจำหน่วยหอพัก,buanon@kku.ac.th,images/personnel/20-bua-nonsri.jpg,https://dorm.kku.ac.th/wp-content/uploads/2024/09/DSC_5011-scaled.jpg,
20,ธุรการหน่วยหอพักและเจ้าหน้าที่หอพัก,อาทิตย์ อุปฮาต,เจ้าหน้าที่ประจำหน่วยหอพัก,rathau@kku.ac.th,images/personnel/21-athit-upahat.jpg,https://dorm.kku.ac.th/wp-content/uploads/2024/09/DSC_5003-scaled.jpg,
21,ธุรการหน่วยหอพักและเจ้าหน้าที่หอพัก,อุไรพร อิ่มนาง,เจ้าหน้าที่ประจำหน่วยหอพัก,auraim@kku.ac.th,images/personnel/22-uraiporn-imnang.jpg,https://dorm.kku.ac.th/wp-content/uploads/2024/09/DSC_5006-scaled.jpg,
22,ธุรการหน่วยหอพักและเจ้าหน้าที่หอพัก,พัชรินทร์ แสนนา,เจ้าหน้าที่ประจำหน่วยอำนวยการ,patcsa@kku.ac.th,images/personnel/23-patcharin-saenna.jpg,https://dorm.kku.ac.th/wp-content/uploads/2024/09/DSC_5196-scaled.jpg,
23,ช่างหน่วยซ่อมบำรุงหอพัก,ปาคม ครุฑชัย,ช่างไฟฟ้า,pakokr@kku.ac.th,images/personnel/25-pakom-krutchai.jpg,https://dorm.kku.ac.th/wp-content/uploads/2024/09/DSC_4930-scaled.jpg,
24,ช่างหน่วยซ่อมบำรุงหอพัก,ศุภการย์ คลังบุญครอง,ช่างไฟฟ้า,supakl@kku.ac.th,images/personnel/26-supakan-klangboonkrong.jpg,https://dorm.kku.ac.th/wp-content/uploads/2024/09/DSC_4947-1.jpg,
25,ช่างหน่วยซ่อมบำรุงหอพัก,จิตรติทร คุณธะรักษ์,ช่างไฟฟ้า,jittku@kku.ac.th,images/personnel/27-jittitorn-khuntharak.jpg,https://dorm.kku.ac.th/wp-content/uploads/2024/09/DSC_4936-1.jpg,
26,ช่างหน่วยซ่อมบำรุงหอพัก,ปรีชา จุลมา,ช่างไฟฟ้า,peecju@kku.ac.th,images/personnel/28-preecha-junma.jpg,https://dorm.kku.ac.th/wp-content/uploads/2024/09/DSC_4923-scaled.jpg,
27,ช่างหน่วยซ่อมบำรุงหอพัก,วิทวัส โกกอุ่น,ช่างไม้ – ช่างปูน,withgo@kku.ac.th,images/personnel/29-withawat-kokoon.jpg,https://dorm.kku.ac.th/wp-content/uploads/2024/09/DSC_4917-scaled.jpg,
28,ช่างหน่วยซ่อมบำรุงหอพัก,สกล กันหา,ช่างไม้ – ช่างปูน,sakogu@kku.ac.th,images/personnel/30-sakon-kanha.jpg,https://dorm.kku.ac.th/wp-content/uploads/2024/09/DSC_4955-scaled.jpg,
29,ช่างหน่วยซ่อมบำรุงหอพัก,ณัฐวุฒิ อิ่มนาง,ช่างไม้ – ช่างปูน,..@kku.ac.th,images/personnel/31-nattawut-imnang.jpg,https://dorm.kku.ac.th/wp-content/uploads/2024/09/DSC_4967-scaled.jpg,อีเมลปรากฏบนหน้าเว็บเป็น “..@kku.ac.th”
30,ช่างหน่วยซ่อมบำรุงหอพัก,นัฐพล มาโสภา,ช่างไม้ – ช่างปูน,natthma@kku.ac.th,images/personnel/32-natthapol-masopha.jpg,https://dorm.kku.ac.th/wp-content/uploads/2024/09/DSC_4943-scaled.jpg,
31,ช่างหน่วยซ่อมบำรุงหอพัก,อรรถพล ชนะการี,ช่างประปา,attapch@kku.ac.th,images/personnel/33-attapol-chanakaree.jpg,https://dorm.kku.ac.th/wp-content/uploads/2024/09/DSC_4956-scaled.jpg,
32,ช่างหน่วยซ่อมบำรุงหอพัก,ธรรมนูญ เนื่องอาชา,ช่างประปา,thamnu@kku.ac.th,images/personnel/34-thamnu-nueangacha.jpg,https://dorm.kku.ac.th/wp-content/uploads/2024/09/DSC_4964-scaled.jpg,
33,ช่างหน่วยซ่อมบำรุงหอพัก,โสภา เดชแพง,ช่างประปา,sopade@kku.ac.th,images/personnel/35-sopha-dechphaeng.jpg,https://dorm.kku.ac.th/wp-content/uploads/2024/09/DSC_4910-scaled.jpg,
34,ช่างหน่วยซ่อมบำรุงหอพัก,วิมล ทันเขิม,ช่างประปา,wimoth@kku.ac.th,images/personnel/36-wimon-thankheum.jpg,https://dorm.kku.ac.th/wp-content/uploads/2024/09/DSC_4925-scaled.jpg,
35,ช่างหน่วยซ่อมบำรุงหอพัก,นายกฤษฎา แสนนา,ช่างประปา,kitsan@kku.ac.th,images/personnel/37-kritsada-saenna.jpg,https://dorm.kku.ac.th/wp-content/uploads/2025/08/416444.jpg,
36,ช่างหน่วยซ่อมบำรุงหอพัก,อรุณ เพียหอชัย,เจ้าหน้าที่ประจำหน่วย,aroopr@kku.ac.th,images/personnel/38-arun-piahorchai.jpg,https://dorm.kku.ac.th/wp-content/uploads/2024/09/DSC_4970-scaled.jpg,
